dataset,cell_id,group,method,max_score,mean_score,label
Dataset1,D1_Qual_1,Qualified,LSTM_AE,0.24577662348747253,0.033262949436903,0
Dataset1,D1_Qual_2,Qualified,LSTM_AE,0.26563501358032227,0.026929395273327827,0
Dataset1,D1_Qual_3,Qualified,LSTM_AE,0.19727067649364471,0.019467361271381378,0
Dataset1,D1_Qual_4,Qualified,LSTM_AE,0.1269477903842926,0.018434671685099602,0
Dataset1,D1_Qual_5,Qualified,LSTM_AE,0.3624086081981659,0.021147258579730988,0
Dataset1,D1_Qual_6,Qualified,LSTM_AE,0.20878012478351593,0.026194583624601364,0
Dataset1,D1_Subseq_1,Subsequent,LSTM_AE,37.833351135253906,5.039597034454346,1
Dataset1,D1_Subseq_2,Subsequent,LSTM_AE,29.973377227783203,3.1432106494903564,1
Dataset1,D1_Subseq_3,Subsequent,LSTM_AE,12.033504486083984,0.8850710391998291,1
Dataset1,D1_Subseq_4,Subsequent,LSTM_AE,5.604911804199219,0.4236079454421997,1
Dataset1,D1_Subseq_5,Subsequent,LSTM_AE,2.8651232719421387,0.20661479234695435,1
Dataset1,D1_Subseq_6,Subsequent,LSTM_AE,1.623069405555725,0.15119940042495728,1
Dataset2,D2_Qual_1,Qualified,LSTM_AE,1.027081847190857,0.07687551528215408,0
Dataset2,D2_Qual_2,Qualified,LSTM_AE,0.7610076665878296,0.10844334959983826,0
Dataset2,D2_Qual_3,Qualified,LSTM_AE,1.2931877374649048,0.08041998744010925,0
Dataset2,D2_Qual_4,Qualified,LSTM_AE,0.4310190677642822,0.06634487211704254,0
Dataset2,D2_Qual_5,Qualified,LSTM_AE,0.08847840875387192,0.022904226556420326,0
Dataset2,D2_Qual_6,Qualified,LSTM_AE,0.22148191928863525,0.03429108485579491,0
Dataset2,D2_Qual_7,Qualified,LSTM_AE,0.6029289960861206,0.04194963350892067,0
Dataset2,D2_Qual_8,Qualified,LSTM_AE,0.46634387969970703,0.04330350086092949,0
Dataset2,D2_Qual_9,Qualified,LSTM_AE,0.5826483964920044,0.04003437981009483,0
Dataset2,D2_Qual_10,Qualified,LSTM_AE,0.4825276732444763,0.055454615503549576,0
Dataset2,D2_Qual_11,Qualified,LSTM_AE,0.43178144097328186,0.0555901825428009,0
Dataset2,D2_Qual_12,Qualified,LSTM_AE,0.40264859795570374,0.02750222198665142,0
Dataset2,D2_Qual_13,Qualified,LSTM_AE,0.06325595080852509,0.01429144386202097,0
Dataset2,D2_Qual_14,Qualified,LSTM_AE,0.17791636288166046,0.02733776345849037,0
Dataset2,D2_Subseq_15,Subsequent,LSTM_AE,2.0542290210723877,0.5734661817550659,1
Dataset2,D2_Subseq_16,Subsequent,LSTM_AE,1.4681402444839478,0.35725224018096924,1
Dataset2,D2_Subseq_17,Subsequent,LSTM_AE,3.799211025238037,1.2000929117202759,1
Dataset2,D2_Subseq_18,Subsequent,LSTM_AE,2.8412654399871826,0.8030807971954346,1
Dataset2,D2_Subseq_19,Subsequent,LSTM_AE,4.6581597328186035,1.5391311645507812,1
Dataset2,D2_Subseq_20,Subsequent,LSTM_AE,10.255613327026367,4.693004131317139,1
Dataset2,D2_Subseq_21,Subsequent,LSTM_AE,5.7061944007873535,2.1164872646331787,1
Dataset2,D2_Subseq_22,Subsequent,LSTM_AE,0.6800232529640198,0.15945936739444733,1
Dataset2,D2_Subseq_23,Subsequent,LSTM_AE,1.8118211030960083,0.5510959029197693,1
Dataset1,D1_Qual_1,Qualified,TCN_AE,0.22869077324867249,0.023753084242343903,0
Dataset1,D1_Qual_2,Qualified,TCN_AE,0.149370476603508,0.01813899725675583,0
Dataset1,D1_Qual_3,Qualified,TCN_AE,0.1407655030488968,0.014134864322841167,0
Dataset1,D1_Qual_4,Qualified,TCN_AE,0.09561869502067566,0.015590397641062737,0
Dataset1,D1_Qual_5,Qualified,TCN_AE,0.17383484542369843,0.015997862443327904,0
Dataset1,D1_Qual_6,Qualified,TCN_AE,0.2634812593460083,0.023164156824350357,0
Dataset1,D1_Subseq_1,Subsequent,TCN_AE,2.169086217880249,0.23055200278759003,1
Dataset1,D1_Subseq_2,Subsequent,TCN_AE,2.346600294113159,0.18145667016506195,1
Dataset1,D1_Subseq_3,Subsequent,TCN_AE,0.8838057518005371,0.08125772327184677,1
Dataset1,D1_Subseq_4,Subsequent,TCN_AE,0.40778881311416626,0.049594566226005554,1
Dataset1,D1_Subseq_5,Subsequent,TCN_AE,0.9788984060287476,0.056488387286663055,1
Dataset1,D1_Subseq_6,Subsequent,TCN_AE,0.29864633083343506,0.03861608728766441,1
Dataset2,D2_Qual_1,Qualified,TCN_AE,0.18194551765918732,0.01601843163371086,0
Dataset2,D2_Qual_2,Qualified,TCN_AE,0.11517152935266495,0.015224176459014416,0
Dataset2,D2_Qual_3,Qualified,TCN_AE,0.13571369647979736,0.017270170152187347,0
Dataset2,D2_Qual_4,Qualified,TCN_AE,0.11035304516553879,0.013435948640108109,0
Dataset2,D2_Qual_5,Qualified,TCN_AE,0.1298743635416031,0.007249033078551292,0
Dataset2,D2_Qual_6,Qualified,TCN_AE,0.17623798549175262,0.010728477500379086,0
Dataset2,D2_Qual_7,Qualified,TCN_AE,0.07850856333971024,0.008206438273191452,0
Dataset2,D2_Qual_8,Qualified,TCN_AE,0.058504898101091385,0.008116895332932472,0
Dataset2,D2_Qual_9,Qualified,TCN_AE,0.1160070151090622,0.008174489252269268,0
Dataset2,D2_Qual_10,Qualified,TCN_AE,0.07076535373926163,0.0091244513168931,0
Dataset2,D2_Qual_11,Qualified,TCN_AE,0.11435703188180923,0.009515104815363884,0
Dataset2,D2_Qual_12,Qualified,TCN_AE,0.11820273101329803,0.007861834950745106,0
Dataset2,D2_Qual_13,Qualified,TCN_AE,0.12428413331508636,0.007071400061249733,0
Dataset2,D2_Qual_14,Qualified,TCN_AE,0.0947495847940445,0.006977388635277748,0
Dataset2,D2_Subseq_15,Subsequent,TCN_AE,0.13896343111991882,0.09264722466468811,1
Dataset2,D2_Subseq_16,Subsequent,TCN_AE,0.1077934131026268,0.059433769434690475,1
Dataset2,D2_Subseq_17,Subsequent,TCN_AE,0.3573625087738037,0.1639252007007599,1
Dataset2,D2_Subseq_18,Subsequent,TCN_AE,0.27931153774261475,0.17163516581058502,1
Dataset2,D2_Subseq_19,Subsequent,TCN_AE,0.321247935295105,0.1898689866065979,1
Dataset2,D2_Subseq_20,Subsequent,TCN_AE,1.3159676790237427,0.5385698080062866,1
Dataset2,D2_Subseq_21,Subsequent,TCN_AE,0.5344477891921997,0.277307391166687,1
Dataset2,D2_Subseq_22,Subsequent,TCN_AE,0.08728598058223724,0.03682857006788254,1
Dataset2,D2_Subseq_23,Subsequent,TCN_AE,0.3945635259151459,0.11065026372671127,1
Dataset1,D1_Qual_1,Qualified,Transformer_AE,0.3563876152038574,0.05528003349900246,0
Dataset1,D1_Qual_2,Qualified,Transformer_AE,0.3478461802005768,0.04686610400676727,0
Dataset1,D1_Qual_3,Qualified,Transformer_AE,0.33800727128982544,0.032846394926309586,0
Dataset1,D1_Qual_4,Qualified,Transformer_AE,0.31613367795944214,0.035743556916713715,0
Dataset1,D1_Qual_5,Qualified,Transformer_AE,0.4061647355556488,0.035774778574705124,0
Dataset1,D1_Qual_6,Qualified,Transformer_AE,0.3618408143520355,0.04741007089614868,0
Dataset1,D1_Subseq_1,Subsequent,Transformer_AE,23.680932998657227,2.857494354248047,1
Dataset1,D1_Subseq_2,Subsequent,Transformer_AE,21.499879837036133,1.6971704959869385,1
Dataset1,D1_Subseq_3,Subsequent,Transformer_AE,5.835081577301025,0.38328632712364197,1
Dataset1,D1_Subseq_4,Subsequent,Transformer_AE,2.2015857696533203,0.1625659316778183,1
Dataset1,D1_Subseq_5,Subsequent,Transformer_AE,6.740044593811035,0.16803830862045288,1
Dataset1,D1_Subseq_6,Subsequent,Transformer_AE,0.819074809551239,0.08073844015598297,1
Dataset2,D2_Qual_1,Qualified,Transformer_AE,0.7790035009384155,0.05548490956425667,0
Dataset2,D2_Qual_2,Qualified,Transformer_AE,0.7107213139533997,0.0752926841378212,0
Dataset2,D2_Qual_3,Qualified,Transformer_AE,1.2301403284072876,0.06919767707586288,0
Dataset2,D2_Qual_4,Qualified,Transformer_AE,0.25949832797050476,0.04320046678185463,0
Dataset2,D2_Qual_5,Qualified,Transformer_AE,0.09435253590345383,0.010623089037835598,0
Dataset2,D2_Qual_6,Qualified,Transformer_AE,0.18484482169151306,0.018937308341264725,0
Dataset2,D2_Qual_7,Qualified,Transformer_AE,0.4350969195365906,0.031661827117204666,0
Dataset2,D2_Qual_8,Qualified,Transformer_AE,0.3951803743839264,0.03156144171953201,0
Dataset2,D2_Qual_9,Qualified,Transformer_AE,0.4663124978542328,0.03127749636769295,0
Dataset2,D2_Qual_10,Qualified,Transformer_AE,0.3659650981426239,0.043105777353048325,0
Dataset2,D2_Qual_11,Qualified,Transformer_AE,0.30640682578086853,0.04284023866057396,0
Dataset2,D2_Qual_12,Qualified,Transformer_AE,0.3599817156791687,0.025070007890462875,0
Dataset2,D2_Qual_13,Qualified,Transformer_AE,0.0686396062374115,0.008767201565206051,0
Dataset2,D2_Qual_14,Qualified,Transformer_AE,0.14893881976604462,0.021215373650193214,0
Dataset2,D2_Subseq_15,Subsequent,Transformer_AE,1.557205319404602,0.34460556507110596,1
Dataset2,D2_Subseq_16,Subsequent,Transformer_AE,1.0476861000061035,0.19683557748794556,1
Dataset2,D2_Subseq_17,Subsequent,Transformer_AE,3.0376055240631104,0.8119298815727234,1
Dataset2,D2_Subseq_18,Subsequent,Transformer_AE,2.2926642894744873,0.5546200275421143,1
Dataset2,D2_Subseq_19,Subsequent,Transformer_AE,3.7672412395477295,1.0791860818862915,1
Dataset2,D2_Subseq_20,Subsequent,Transformer_AE,14.645746231079102,3.8172316551208496,1
Dataset2,D2_Subseq_21,Subsequent,Transformer_AE,4.774923801422119,1.5645264387130737,1
Dataset2,D2_Subseq_22,Subsequent,Transformer_AE,0.4600033164024353,0.0746547132730484,1
Dataset2,D2_Subseq_23,Subsequent,Transformer_AE,1.3898544311523438,0.3477313816547394,1
